{"venue":{"venue_name":"Haymarket Toastmasters","lon":-3.213067,"lat":55.947685,"venue_id":25133321},"visibility":"public","response":"yes","guests":0,"member":{"member_id":6127629,"other_services":{"twitter":{"identifier":"@LaurenLeeman"},"facebook":{"identifier":"https:\/\/www.facebook.com\/app_scoped_user_id\/669343105\/"}},"photo":"https:\/\/secure.meetupstatic.com\/photos\/member\/8\/4\/f\/9\/thumb_241474041.jpeg","member_name":"Lauren "},"rsvp_id":1695147596,"mtime":1508670122123,"event":{"event_name":"Improve your Public Speaking and Leadership skills, in a supportive environment.","event_id":"qjgcvmywpbcb","time":1509563700000,"event_url":"https:\/\/www.meetup.com\/Edinburgh-and-Surrounding-Area-Toastmasters-Meetup\/events\/244424633\/"},"group":{"group_topics":[{"urlkey":"toastmasters","topic_name":"Toastmasters"},{"urlkey":"publicspeaking","topic_name":"Public Speaking"},{"urlkey":"fear-of-public-speaking","topic_name":"Fear of Public Speaking"},{"urlkey":"communication-skills","topic_name":"Communication Skills"},{"urlkey":"improve-your-presentation-skills","topic_name":"Improve Your Presentation Skills"},{"urlkey":"impromptu-speaking","topic_name":"Impromptu Speaking"},{"urlkey":"personal-development","topic_name":"Personal Development"},{"urlkey":"leadership-development","topic_name":"Leadership Development"},{"urlkey":"presentations","topic_name":"Presentations"},{"urlkey":"self-improvement","topic_name":"Self-Improvement"}],"group_city":"Edinburgh","group_country":"gb","group_id":22847512,"group_name":"Edinburgh and Surrounding Area Toastmasters Meetup","group_lon":-3.22,"group_urlname":"Edinburgh-and-Surrounding-Area-Toastmasters-Meetup","group_lat":55.95}}